ticker,company_name,top_managers,managers_shown,total_value,years_held,consistent_managers,total_managers,current_holders,conviction_score,total_activities,buy_actions,periods_active,top_manager,top_manager_years,top_manager_consistency,conviction_type,_analysis_type,_generated,_periods,_window_quarters
XOM,Exxon Mobil Corp.,"Hillman Value Fund, Christopher Bloomstran, Charles Bobrinskoy",3,970833000,19,6,15,6,1.72,164,11,62,Hillman Value Fund,9,47.4%,Consensus Champion,multi_decade_conviction,2026-02-23,"Q4 2025, Q3 2025, Q2 2025, Q1 2025, Q4 2024, Q3 2024, Q2 2024, Q1 2024, Q4 2023, Q3 2023, Q2 2023, Q1 2023, Q4 2022, Q3 2022, Q2 2022, Q1 2022, Q4 2021, Q3 2021, Q2 2021, Q1 2021, Q4 2020, Q3 2020, Q2 2020, Q1 2020, Q4 2019, Q3 2019, Q2 2019, Q1 2019, Q4 2018, Q3 2018, Q2 2018, Q1 2018, Q4 2017, Q3 2017, Q2 2017, Q1 2017, Q4 2016, Q3 2016, Q2 2016, Q1 2016",40
PFE,Pfizer Inc.,"Hillman Value Fund, Prem Watsa, Kahn Brothers Group",3,123891000,19,4,14,6,1.51,142,14,52,Hillman Value Fund,14,73.7%,Consensus Champion,multi_decade_conviction,2026-02-23,"Q4 2025, Q3 2025, Q2 2025, Q1 2025, Q4 2024, Q3 2024, Q2 2024, Q1 2024, Q4 2023, Q3 2023, Q2 2023, Q1 2023, Q4 2022, Q3 2022, Q2 2022, Q1 2022, Q4 2021, Q3 2021, Q2 2021, Q1 2021, Q4 2020, Q3 2020, Q2 2020, Q1 2020, Q4 2019, Q3 2019, Q2 2019, Q1 2019, Q4 2018, Q3 2018, Q2 2018, Q1 2018, Q4 2017, Q3 2017, Q2 2017, Q1 2017, Q4 2016, Q3 2016, Q2 2016, Q1 2016",40
CMCSA,Comcast Corp.,"Kahn Brothers Group, Bill Nygren, Steven Romick",3,3610947000,19,4,25,11,1.37,197,16,60,Kahn Brothers Group,7,36.8%,Consensus Champion,multi_decade_conviction,2026-02-23,"Q4 2025, Q3 2025, Q2 2025, Q1 2025, Q4 2024, Q3 2024, Q2 2024, Q1 2024, Q4 2023, Q3 2023, Q2 2023, Q1 2023, Q4 2022, Q3 2022, Q2 2022, Q1 2022, Q4 2021, Q3 2021, Q2 2021, Q1 2021, Q4 2020, Q3 2020, Q2 2020, Q1 2020, Q4 2019, Q3 2019, Q2 2019, Q1 2019, Q4 2018, Q3 2018, Q2 2018, Q1 2018, Q4 2017, Q3 2017, Q2 2017, Q1 2017, Q4 2016, Q3 2016, Q2 2016, Q1 2016",40
MA,Mastercard Inc.,"Chuck Akre, Ruane Cunniff, Bill Nygren",3,8175410000,19,9,28,16,0.94,324,17,65,Chuck Akre,14,73.7%,Consensus Champion,multi_decade_conviction,2026-02-23,"Q4 2025, Q3 2025, Q2 2025, Q1 2025, Q4 2024, Q3 2024, Q2 2024, Q1 2024, Q4 2023, Q3 2023, Q2 2023, Q1 2023, Q4 2022, Q3 2022, Q2 2022, Q1 2022, Q4 2021, Q3 2021, Q2 2021, Q1 2021, Q4 2020, Q3 2020, Q2 2020, Q1 2020, Q4 2019, Q3 2019, Q2 2019, Q1 2019, Q4 2018, Q3 2018, Q2 2018, Q1 2018, Q4 2017, Q3 2017, Q2 2017, Q1 2017, Q4 2016, Q3 2016, Q2 2016, Q1 2016",40
BRK.B,Berkshire Hathaway CL B,"Bill & Melinda Gates Foundation Trust, Ruane Cunniff, Bruce Berkowitz",3,16472611000,19,10,30,20,0.84,467,15,75,Bill & Melinda Gates Foundation Trust,19,100.0%,Consensus Champion,multi_decade_conviction,2026-02-23,"Q4 2025, Q3 2025, Q2 2025, Q1 2025, Q4 2024, Q3 2024, Q2 2024, Q1 2024, Q4 2023, Q3 2023, Q2 2023, Q1 2023, Q4 2022, Q3 2022, Q2 2022, Q1 2022, Q4 2021, Q3 2021, Q2 2021, Q1 2021, Q4 2020, Q3 2020, Q2 2020, Q1 2020, Q4 2019, Q3 2019, Q2 2019, Q1 2019, Q4 2018, Q3 2018, Q2 2018, Q1 2018, Q4 2017, Q3 2017, Q2 2017, Q1 2017, Q4 2016, Q3 2016, Q2 2016, Q1 2016",40
BRK.A,Berkshire Hathaway CL A,"Ruane Cunniff, Christopher Bloomstran, Bruce Berkowitz",3,3448679000,19,3,16,13,0.47,150,6,67,Ruane Cunniff,15,78.9%,Consensus Champion,multi_decade_conviction,2026-02-23,"Q4 2025, Q3 2025, Q2 2025, Q1 2025, Q4 2024, Q3 2024, Q2 2024, Q1 2024, Q4 2023, Q3 2023, Q2 2023, Q1 2023, Q4 2022, Q3 2022, Q2 2022, Q1 2022, Q4 2021, Q3 2021, Q2 2021, Q1 2021, Q4 2020, Q3 2020, Q2 2020, Q1 2020, Q4 2019, Q3 2019, Q2 2019, Q1 2019, Q4 2018, Q3 2018, Q2 2018, Q1 2018, Q4 2017, Q3 2017, Q2 2017, Q1 2017, Q4 2016, Q3 2016, Q2 2016, Q1 2016",40
FDX,FedEx Corp.,"Mason Hawkins, Bill & Melinda Gates Foundation Trust",2,3841772000,18,2,16,7,1.93,139,12,55,Mason Hawkins,16,88.9%,Multi-Decade Champion,multi_decade_conviction,2026-02-23,"Q4 2025, Q3 2025, Q2 2025, Q1 2025, Q4 2024, Q3 2024, Q2 2024, Q1 2024, Q4 2023, Q3 2023, Q2 2023, Q1 2023, Q4 2022, Q3 2022, Q2 2022, Q1 2022, Q4 2021, Q3 2021, Q2 2021, Q1 2021, Q4 2020, Q3 2020, Q2 2020, Q1 2020, Q4 2019, Q3 2019, Q2 2019, Q1 2019, Q4 2018, Q3 2018, Q2 2018, Q1 2018, Q4 2017, Q3 2017, Q2 2017, Q1 2017, Q4 2016, Q3 2016, Q2 2016, Q1 2016",40
TGT,Target Corp.,Mairs & Power Growth Fund,1,37795000,18,1,11,5,1.71,68,8,46,Mairs & Power Growth Fund,7,38.9%,Multi-Decade Champion,multi_decade_conviction,2026-02-23,"Q4 2025, Q3 2025, Q2 2025, Q1 2025, Q4 2024, Q3 2024, Q2 2024, Q1 2024, Q4 2023, Q3 2023, Q2 2023, Q1 2023, Q4 2022, Q3 2022, Q2 2022, Q1 2022, Q4 2021, Q3 2021, Q2 2021, Q1 2021, Q4 2020, Q3 2020, Q2 2020, Q1 2020, Q4 2019, Q3 2019, Q2 2019, Q1 2019, Q4 2018, Q3 2018, Q2 2018, Q1 2018, Q4 2017, Q3 2017, Q2 2017, Q1 2017, Q4 2016, Q3 2016, Q2 2016, Q1 2016",40
GE,GE Aerospace,"Hillman Value Fund, Nelson Peltz, Bill Nygren",3,17298546000,18,6,16,5,1.56,188,14,55,Hillman Value Fund,14,77.8%,Consensus Champion,multi_decade_conviction,2026-02-23,"Q4 2025, Q3 2025, Q2 2025, Q1 2025, Q4 2024, Q3 2024, Q2 2024, Q1 2024, Q4 2023, Q3 2023, Q2 2023, Q1 2023, Q4 2022, Q3 2022, Q2 2022, Q1 2022, Q4 2021, Q3 2021, Q2 2021, Q1 2021, Q4 2020, Q3 2020, Q2 2020, Q1 2020, Q4 2019, Q3 2019, Q2 2019, Q1 2019, Q4 2018, Q3 2018, Q2 2018, Q1 2018, Q4 2017, Q3 2017, Q2 2017, Q1 2017, Q4 2016, Q3 2016, Q2 2016, Q1 2016",40
JEF,Jefferies Financial Group Inc.,"Bruce Berkowitz, Steven Romick",2,168670000,18,2,8,3,1.53,54,3,43,Bruce Berkowitz,10,55.6%,Multi-Decade Champion,multi_decade_conviction,2026-02-23,"Q4 2025, Q3 2025, Q2 2025, Q1 2025, Q4 2024, Q3 2024, Q2 2024, Q1 2024, Q4 2023, Q3 2023, Q2 2023, Q1 2023, Q4 2022, Q3 2022, Q2 2022, Q1 2022, Q4 2021, Q3 2021, Q2 2021, Q1 2021, Q4 2020, Q3 2020, Q2 2020, Q1 2020, Q4 2019, Q3 2019, Q2 2019, Q1 2019, Q4 2018, Q3 2018, Q2 2018, Q1 2018, Q4 2017, Q3 2017, Q2 2017, Q1 2017, Q4 2016, Q3 2016, Q2 2016, Q1 2016",40
C,Citigroup Inc.,"Richard Pzena, Bruce Berkowitz, Bill Nygren",3,715650000,18,7,25,8,1.16,251,16,62,Richard Pzena,10,55.6%,Consensus Champion,multi_decade_conviction,2026-02-23,"Q4 2025, Q3 2025, Q2 2025, Q1 2025, Q4 2024, Q3 2024, Q2 2024, Q1 2024, Q4 2023, Q3 2023, Q2 2023, Q1 2023, Q4 2022, Q3 2022, Q2 2022, Q1 2022, Q4 2021, Q3 2021, Q2 2021, Q1 2021, Q4 2020, Q3 2020, Q2 2020, Q1 2020, Q4 2019, Q3 2019, Q2 2019, Q1 2019, Q4 2018, Q3 2018, Q2 2018, Q1 2018, Q4 2017, Q3 2017, Q2 2017, Q1 2017, Q4 2016, Q3 2016, Q2 2016, Q1 2016",40
BAC,Bank of America Corp.,"Bill Nygren, Richard Pzena, Warren Buffett",3,29456313000,18,8,29,12,1.11,271,20,61,Bill Nygren,14,77.8%,Consensus Champion,multi_decade_conviction,2026-02-23,"Q4 2025, Q3 2025, Q2 2025, Q1 2025, Q4 2024, Q3 2024, Q2 2024, Q1 2024, Q4 2023, Q3 2023, Q2 2023, Q1 2023, Q4 2022, Q3 2022, Q2 2022, Q1 2022, Q4 2021, Q3 2021, Q2 2021, Q1 2021, Q4 2020, Q3 2020, Q2 2020, Q1 2020, Q4 2019, Q3 2019, Q2 2019, Q1 2019, Q4 2018, Q3 2018, Q2 2018, Q1 2018, Q4 2017, Q3 2017, Q2 2017, Q1 2017, Q4 2016, Q3 2016, Q2 2016, Q1 2016",40
MSFT,Microsoft Corp.,"Hillman Value Fund, Chris Hohn, Bill & Melinda Gates Foundation Trust",3,29014352000,18,14,43,35,1.04,569,27,61,Hillman Value Fund,15,83.3%,Consensus Champion,multi_decade_conviction,2026-02-23,"Q4 2025, Q3 2025, Q2 2025, Q1 2025, Q4 2024, Q3 2024, Q2 2024, Q1 2024, Q4 2023, Q3 2023, Q2 2023, Q1 2023, Q4 2022, Q3 2022, Q2 2022, Q1 2022, Q4 2021, Q3 2021, Q2 2021, Q1 2021, Q4 2020, Q3 2020, Q2 2020, Q1 2020, Q4 2019, Q3 2019, Q2 2019, Q1 2019, Q4 2018, Q3 2018, Q2 2018, Q1 2018, Q4 2017, Q3 2017, Q2 2017, Q1 2017, Q4 2016, Q3 2016, Q2 2016, Q1 2016",40
WMT,Walmart Inc.,"Bill & Melinda Gates Foundation Trust, Warren Buffett, Ruane Cunniff",3,938240000,18,3,12,4,0.95,76,4,48,Bill & Melinda Gates Foundation Trust,9,50.0%,Consensus Champion,multi_decade_conviction,2026-02-23,"Q4 2025, Q3 2025, Q2 2025, Q1 2025, Q4 2024, Q3 2024, Q2 2024, Q1 2024, Q4 2023, Q3 2023, Q2 2023, Q1 2023, Q4 2022, Q3 2022, Q2 2022, Q1 2022, Q4 2021, Q3 2021, Q2 2021, Q1 2021, Q4 2020, Q3 2020, Q2 2020, Q1 2020, Q4 2019, Q3 2019, Q2 2019, Q1 2019, Q4 2018, Q3 2018, Q2 2018, Q1 2018, Q4 2017, Q3 2017, Q2 2017, Q1 2017, Q4 2016, Q3 2016, Q2 2016, Q1 2016",40
GS,Goldman Sachs Group,"Charles Bobrinskoy, Hillman Value Fund, Richard Pzena",3,1436475000,18,5,20,6,0.83,205,11,58,Charles Bobrinskoy,13,72.2%,Consensus Champion,multi_decade_conviction,2026-02-23,"Q4 2025, Q3 2025, Q2 2025, Q1 2025, Q4 2024, Q3 2024, Q2 2024, Q1 2024, Q4 2023, Q3 2023, Q2 2023, Q1 2023, Q4 2022, Q3 2022, Q2 2022, Q1 2022, Q4 2021, Q3 2021, Q2 2021, Q1 2021, Q4 2020, Q3 2020, Q2 2020, Q1 2020, Q4 2019, Q3 2019, Q2 2019, Q1 2019, Q4 2018, Q3 2018, Q2 2018, Q1 2018, Q4 2017, Q3 2017, Q2 2017, Q1 2017, Q4 2016, Q3 2016, Q2 2016, Q1 2016",40
JPM,JPMorgan Chase & Co.,"Glenn Greenberg, Richard Pzena, Bill Nygren",3,1419784000,18,7,23,12,0.8,261,9,62,Glenn Greenberg,11,61.1%,Consensus Champion,multi_decade_conviction,2026-02-23,"Q4 2025, Q3 2025, Q2 2025, Q1 2025, Q4 2024, Q3 2024, Q2 2024, Q1 2024, Q4 2023, Q3 2023, Q2 2023, Q1 2023, Q4 2022, Q3 2022, Q2 2022, Q1 2022, Q4 2021, Q3 2021, Q2 2021, Q1 2021, Q4 2020, Q3 2020, Q2 2020, Q1 2020, Q4 2019, Q3 2019, Q2 2019, Q1 2019, Q4 2018, Q3 2018, Q2 2018, Q1 2018, Q4 2017, Q3 2017, Q2 2017, Q1 2017, Q4 2016, Q3 2016, Q2 2016, Q1 2016",40
JNJ,Johnson & Johnson,"Charles Bobrinskoy, Tweedy Browne Co., Mairs & Power Growth Fund",3,480297000,18,5,17,11,0.75,169,5,58,Charles Bobrinskoy,13,72.2%,Consensus Champion,multi_decade_conviction,2026-02-23,"Q4 2025, Q3 2025, Q2 2025, Q1 2025, Q4 2024, Q3 2024, Q2 2024, Q1 2024, Q4 2023, Q3 2023, Q2 2023, Q1 2023, Q4 2022, Q3 2022, Q2 2022, Q1 2022, Q4 2021, Q3 2021, Q2 2021, Q1 2021, Q4 2020, Q3 2020, Q2 2020, Q1 2020, Q4 2019, Q3 2019, Q2 2019, Q1 2019, Q4 2018, Q3 2018, Q2 2018, Q1 2018, Q4 2017, Q3 2017, Q2 2017, Q1 2017, Q4 2016, Q3 2016, Q2 2016, Q1 2016",40
IDXX,IDEXX Laboratories,"Ruane Cunniff, Terry Smith",2,1945324000,18,2,7,4,0.66,69,4,50,Ruane Cunniff,10,55.6%,Multi-Decade Champion,multi_decade_conviction,2026-02-23,"Q4 2025, Q3 2025, Q2 2025, Q1 2025, Q4 2024, Q3 2024, Q2 2024, Q1 2024, Q4 2023, Q3 2023, Q2 2023, Q1 2023, Q4 2022, Q3 2022, Q2 2022, Q1 2022, Q4 2021, Q3 2021, Q2 2021, Q1 2021, Q4 2020, Q3 2020, Q2 2020, Q1 2020, Q4 2019, Q3 2019, Q2 2019, Q1 2019, Q4 2018, Q3 2018, Q2 2018, Q1 2018, Q4 2017, Q3 2017, Q2 2017, Q1 2017, Q4 2016, Q3 2016, Q2 2016, Q1 2016",40
COST,Costco Co.,"Christopher Bloomstran, Ruane Cunniff",2,44451000,18,2,9,7,0.6,71,3,39,Christopher Bloomstran,8,44.4%,Multi-Decade Champion,multi_decade_conviction,2026-02-23,"Q4 2025, Q3 2025, Q2 2025, Q1 2025, Q4 2024, Q3 2024, Q2 2024, Q1 2024, Q4 2023, Q3 2023, Q2 2023, Q1 2023, Q4 2022, Q3 2022, Q2 2022, Q1 2022, Q4 2021, Q3 2021, Q2 2021, Q1 2021, Q4 2020, Q3 2020, Q2 2020, Q1 2020, Q4 2019, Q3 2019, Q2 2019, Q1 2019, Q4 2018, Q3 2018, Q2 2018, Q1 2018, Q4 2017, Q3 2017, Q2 2017, Q1 2017, Q4 2016, Q3 2016, Q2 2016, Q1 2016",40
TEL,TE Connectivity plc,"Bill Nygren, Steven Romick",2,1966997000,18,2,8,5,0.32,89,3,49,Bill Nygren,13,72.2%,Multi-Decade Champion,multi_decade_conviction,2026-02-23,"Q4 2025, Q3 2025, Q2 2025, Q1 2025, Q4 2024, Q3 2024, Q2 2024, Q1 2024, Q4 2023, Q3 2023, Q2 2023, Q1 2023, Q4 2022, Q3 2022, Q2 2022, Q1 2022, Q4 2021, Q3 2021, Q2 2021, Q1 2021, Q4 2020, Q3 2020, Q2 2020, Q1 2020, Q4 2019, Q3 2019, Q2 2019, Q1 2019, Q4 2018, Q3 2018, Q2 2018, Q1 2018, Q4 2017, Q3 2017, Q2 2017, Q1 2017, Q4 2016, Q3 2016, Q2 2016, Q1 2016",40
MDT,Medtronic plc,"Mairs & Power Growth Fund, Bill Nygren",2,1554332000,17,2,10,6,1.89,78,3,43,Mairs & Power Growth Fund,8,47.1%,Multi-Decade Champion,multi_decade_conviction,2026-02-23,"Q4 2025, Q3 2025, Q2 2025, Q1 2025, Q4 2024, Q3 2024, Q2 2024, Q1 2024, Q4 2023, Q3 2023, Q2 2023, Q1 2023, Q4 2022, Q3 2022, Q2 2022, Q1 2022, Q4 2021, Q3 2021, Q2 2021, Q1 2021, Q4 2020, Q3 2020, Q2 2020, Q1 2020, Q4 2019, Q3 2019, Q2 2019, Q1 2019, Q4 2018, Q3 2018, Q2 2018, Q1 2018, Q4 2017, Q3 2017, Q2 2017, Q1 2017, Q4 2016, Q3 2016, Q2 2016, Q1 2016",40
MHK,Mohawk Industries,"Ruane Cunniff, Charles Bobrinskoy",2,156063000,17,2,16,4,1.89,102,11,47,Ruane Cunniff,10,58.8%,Multi-Decade Champion,multi_decade_conviction,2026-02-23,"Q4 2025, Q3 2025, Q2 2025, Q1 2025, Q4 2024, Q3 2024, Q2 2024, Q1 2024, Q4 2023, Q3 2023, Q2 2023, Q1 2023, Q4 2022, Q3 2022, Q2 2022, Q1 2022, Q4 2021, Q3 2021, Q2 2021, Q1 2021, Q4 2020, Q3 2020, Q2 2020, Q1 2020, Q4 2019, Q3 2019, Q2 2019, Q1 2019, Q4 2018, Q3 2018, Q2 2018, Q1 2018, Q4 2017, Q3 2017, Q2 2017, Q1 2017, Q4 2016, Q3 2016, Q2 2016, Q1 2016",40
DIS,Walt Disney Co.,"Christopher Bloomstran, Lindsell Train, Mason Hawkins",3,3287640000,17,6,32,17,1.5,273,22,47,Christopher Bloomstran,8,47.1%,Consensus Champion,multi_decade_conviction,2026-02-23,"Q4 2025, Q3 2025, Q2 2025, Q1 2025, Q4 2024, Q3 2024, Q2 2024, Q1 2024, Q4 2023, Q3 2023, Q2 2023, Q1 2023, Q4 2022, Q3 2022, Q2 2022, Q1 2022, Q4 2021, Q3 2021, Q2 2021, Q1 2021, Q4 2020, Q3 2020, Q2 2020, Q1 2020, Q4 2019, Q3 2019, Q2 2019, Q1 2019, Q4 2018, Q3 2018, Q2 2018, Q1 2018, Q4 2017, Q3 2017, Q2 2017, Q1 2017, Q4 2016, Q3 2016, Q2 2016, Q1 2016",40
EBAY,eBay Inc.,Lindsell Train,1,318565000,17,1,14,4,1.47,137,12,54,Lindsell Train,8,47.1%,Multi-Decade Champion,multi_decade_conviction,2026-02-23,"Q4 2025, Q3 2025, Q2 2025, Q1 2025, Q4 2024, Q3 2024, Q2 2024, Q1 2024, Q4 2023, Q3 2023, Q2 2023, Q1 2023, Q4 2022, Q3 2022, Q2 2022, Q1 2022, Q4 2021, Q3 2021, Q2 2021, Q1 2021, Q4 2020, Q3 2020, Q2 2020, Q1 2020, Q4 2019, Q3 2019, Q2 2019, Q1 2019, Q4 2018, Q3 2018, Q2 2018, Q1 2018, Q4 2017, Q3 2017, Q2 2017, Q1 2017, Q4 2016, Q3 2016, Q2 2016, Q1 2016",40
V,Visa Inc.,"Chuck Akre, David Rolfe, Terry Smith",3,21936818000,17,13,32,26,1.14,384,17,53,Chuck Akre,12,70.6%,Consensus Champion,multi_decade_conviction,2026-02-23,"Q4 2025, Q3 2025, Q2 2025, Q1 2025, Q4 2024, Q3 2024, Q2 2024, Q1 2024, Q4 2023, Q3 2023, Q2 2023, Q1 2023, Q4 2022, Q3 2022, Q2 2022, Q1 2022, Q4 2021, Q3 2021, Q2 2021, Q1 2021, Q4 2020, Q3 2020, Q2 2020, Q1 2020, Q4 2019, Q3 2019, Q2 2019, Q1 2019, Q4 2018, Q3 2018, Q2 2018, Q1 2018, Q4 2017, Q3 2017, Q2 2017, Q1 2017, Q4 2016, Q3 2016, Q2 2016, Q1 2016",40
MS,Morgan Stanley,"ValueAct Capital, Richard Pzena, Charles Bobrinskoy",3,51775000,17,3,11,2,1.07,96,9,56,ValueAct Capital,6,35.3%,Consensus Champion,multi_decade_conviction,2026-02-23,"Q4 2025, Q3 2025, Q2 2025, Q1 2025, Q4 2024, Q3 2024, Q2 2024, Q1 2024, Q4 2023, Q3 2023, Q2 2023, Q1 2023, Q4 2022, Q3 2022, Q2 2022, Q1 2022, Q4 2021, Q3 2021, Q2 2021, Q1 2021, Q4 2020, Q3 2020, Q2 2020, Q1 2020, Q4 2019, Q3 2019, Q2 2019, Q1 2019, Q4 2018, Q3 2018, Q2 2018, Q1 2018, Q4 2017, Q3 2017, Q2 2017, Q1 2017, Q4 2016, Q3 2016, Q2 2016, Q1 2016",40
BK,Bank of New York Mellon Corp.,"Warren Buffett, Charles Bobrinskoy, Tweedy Browne Co.",3,3484621000,17,6,12,6,1.02,157,5,61,Warren Buffett,12,70.6%,Consensus Champion,multi_decade_conviction,2026-02-23,"Q4 2025, Q3 2025, Q2 2025, Q1 2025, Q4 2024, Q3 2024, Q2 2024, Q1 2024, Q4 2023, Q3 2023, Q2 2023, Q1 2023, Q4 2022, Q3 2022, Q2 2022, Q1 2022, Q4 2021, Q3 2021, Q2 2021, Q1 2021, Q4 2020, Q3 2020, Q2 2020, Q1 2020, Q4 2019, Q3 2019, Q2 2019, Q1 2019, Q4 2018, Q3 2018, Q2 2018, Q1 2018, Q4 2017, Q3 2017, Q2 2017, Q1 2017, Q4 2016, Q3 2016, Q2 2016, Q1 2016",40
HPQ,HP Inc.,Hillman Value Fund,1,584571000,17,1,10,1,1.01,54,8,44,Hillman Value Fund,8,47.1%,Multi-Decade Champion,multi_decade_conviction,2026-02-23,"Q4 2025, Q3 2025, Q2 2025, Q1 2025, Q4 2024, Q3 2024, Q2 2024, Q1 2024, Q4 2023, Q3 2023, Q2 2023, Q1 2023, Q4 2022, Q3 2022, Q2 2022, Q1 2022, Q4 2021, Q3 2021, Q2 2021, Q1 2021, Q4 2020, Q3 2020, Q2 2020, Q1 2020, Q4 2019, Q3 2019, Q2 2019, Q1 2019, Q4 2018, Q3 2018, Q2 2018, Q1 2018, Q4 2017, Q3 2017, Q2 2017, Q1 2017, Q4 2016, Q3 2016, Q2 2016, Q1 2016",40
COF,Capital One Financial,"Bill Nygren, Richard Pzena, Harry Burn",3,8792708000,17,3,22,17,0.97,207,17,50,Bill Nygren,16,94.1%,Consensus Champion,multi_decade_conviction,2026-02-23,"Q4 2025, Q3 2025, Q2 2025, Q1 2025, Q4 2024, Q3 2024, Q2 2024, Q1 2024, Q4 2023, Q3 2023, Q2 2023, Q1 2023, Q4 2022, Q3 2022, Q2 2022, Q1 2022, Q4 2021, Q3 2021, Q2 2021, Q1 2021, Q4 2020, Q3 2020, Q2 2020, Q1 2020, Q4 2019, Q3 2019, Q2 2019, Q1 2019, Q4 2018, Q3 2018, Q2 2018, Q1 2018, Q4 2017, Q3 2017, Q2 2017, Q1 2017, Q4 2016, Q3 2016, Q2 2016, Q1 2016",40
WFC,Wells Fargo,"Warren Buffett, Mairs & Power Growth Fund, Richard Pzena",3,3231434000,17,7,29,14,0.78,301,20,62,Warren Buffett,12,70.6%,Consensus Champion,multi_decade_conviction,2026-02-23,"Q4 2025, Q3 2025, Q2 2025, Q1 2025, Q4 2024, Q3 2024, Q2 2024, Q1 2024, Q4 2023, Q3 2023, Q2 2023, Q1 2023, Q4 2022, Q3 2022, Q2 2022, Q1 2022, Q4 2021, Q3 2021, Q2 2021, Q1 2021, Q4 2020, Q3 2020, Q2 2020, Q1 2020, Q4 2019, Q3 2019, Q2 2019, Q1 2019, Q4 2018, Q3 2018, Q2 2018, Q1 2018, Q4 2017, Q3 2017, Q2 2017, Q1 2017, Q4 2016, Q3 2016, Q2 2016, Q1 2016",40
AXP,American Express,"Christopher Bloomstran, Hillman Value Fund",2,57008964000,17,2,25,11,0.54,135,10,50,Christopher Bloomstran,8,47.1%,Multi-Decade Champion,multi_decade_conviction,2026-02-23,"Q4 2025, Q3 2025, Q2 2025, Q1 2025, Q4 2024, Q3 2024, Q2 2024, Q1 2024, Q4 2023, Q3 2023, Q2 2023, Q1 2023, Q4 2022, Q3 2022, Q2 2022, Q1 2022, Q4 2021, Q3 2021, Q2 2021, Q1 2021, Q4 2020, Q3 2020, Q2 2020, Q1 2020, Q4 2019, Q3 2019, Q2 2019, Q1 2019, Q4 2018, Q3 2018, Q2 2018, Q1 2018, Q4 2017, Q3 2017, Q2 2017, Q1 2017, Q4 2016, Q3 2016, Q2 2016, Q1 2016",40
TJX,TJX Companies Inc.,Ruane Cunniff,1,3557000,17,1,9,1,0.44,62,5,47,Ruane Cunniff,10,58.8%,Multi-Decade Champion,multi_decade_conviction,2026-02-23,"Q4 2025, Q3 2025, Q2 2025, Q1 2025, Q4 2024, Q3 2024, Q2 2024, Q1 2024, Q4 2023, Q3 2023, Q2 2023, Q1 2023, Q4 2022, Q3 2022, Q2 2022, Q1 2022, Q4 2021, Q3 2021, Q2 2021, Q1 2021, Q4 2020, Q3 2020, Q2 2020, Q1 2020, Q4 2019, Q3 2019, Q2 2019, Q1 2019, Q4 2018, Q3 2018, Q2 2018, Q1 2018, Q4 2017, Q3 2017, Q2 2017, Q1 2017, Q4 2016, Q3 2016, Q2 2016, Q1 2016",40
ORLY,O'Reilly Automotive,"Chuck Akre, Ruane Cunniff",2,635863000,17,2,7,3,0.41,102,3,58,Chuck Akre,14,82.4%,Multi-Decade Champion,multi_decade_conviction,2026-02-23,"Q4 2025, Q3 2025, Q2 2025, Q1 2025, Q4 2024, Q3 2024, Q2 2024, Q1 2024, Q4 2023, Q3 2023, Q2 2023, Q1 2023, Q4 2022, Q3 2022, Q2 2022, Q1 2022, Q4 2021, Q3 2021, Q2 2021, Q1 2021, Q4 2020, Q3 2020, Q2 2020, Q1 2020, Q4 2019, Q3 2019, Q2 2019, Q1 2019, Q4 2018, Q3 2018, Q2 2018, Q1 2018, Q4 2017, Q3 2017, Q2 2017, Q1 2017, Q4 2016, Q3 2016, Q2 2016, Q1 2016",40
BHC,Bausch Health,"ValueAct Capital, Francis Chou, Glenn Greenberg",3,11260000,16,3,11,2,1.95,85,7,46,ValueAct Capital,10,62.5%,Consensus Champion,multi_decade_conviction,2026-02-23,"Q4 2025, Q3 2025, Q2 2025, Q1 2025, Q4 2024, Q3 2024, Q2 2024, Q1 2024, Q4 2023, Q3 2023, Q2 2023, Q1 2023, Q4 2022, Q3 2022, Q2 2022, Q1 2022, Q4 2021, Q3 2021, Q2 2021, Q1 2021, Q4 2020, Q3 2020, Q2 2020, Q1 2020, Q4 2019, Q3 2019, Q2 2019, Q1 2019, Q4 2018, Q3 2018, Q2 2018, Q1 2018, Q4 2017, Q3 2017, Q2 2017, Q1 2017, Q4 2016, Q3 2016, Q2 2016, Q1 2016",40
GM,General Motors,"Warren Buffett, Greenhaven Associates, Harry Burn",3,1976003000,16,3,17,7,1.94,146,13,49,Warren Buffett,11,68.8%,Consensus Champion,multi_decade_conviction,2026-02-23,"Q4 2025, Q3 2025, Q2 2025, Q1 2025, Q4 2024, Q3 2024, Q2 2024, Q1 2024, Q4 2023, Q3 2023, Q2 2023, Q1 2023, Q4 2022, Q3 2022, Q2 2022, Q1 2022, Q4 2021, Q3 2021, Q2 2021, Q1 2021, Q4 2020, Q3 2020, Q2 2020, Q1 2020, Q4 2019, Q3 2019, Q2 2019, Q1 2019, Q4 2018, Q3 2018, Q2 2018, Q1 2018, Q4 2017, Q3 2017, Q2 2017, Q1 2017, Q4 2016, Q3 2016, Q2 2016, Q1 2016",40
VZ,Verizon Communications,"Hillman Value Fund, David Rolfe, Kahn Brothers Group",3,110976000,16,4,12,5,1.81,99,14,47,Hillman Value Fund,13,81.2%,Consensus Champion,multi_decade_conviction,2026-02-23,"Q4 2025, Q3 2025, Q2 2025, Q1 2025, Q4 2024, Q3 2024, Q2 2024, Q1 2024, Q4 2023, Q3 2023, Q2 2023, Q1 2023, Q4 2022, Q3 2022, Q2 2022, Q1 2022, Q4 2021, Q3 2021, Q2 2021, Q1 2021, Q4 2020, Q3 2020, Q2 2020, Q1 2020, Q4 2019, Q3 2019, Q2 2019, Q1 2019, Q4 2018, Q3 2018, Q2 2018, Q1 2018, Q4 2017, Q3 2017, Q2 2017, Q1 2017, Q4 2016, Q3 2016, Q2 2016, Q1 2016",40
BA,Boeing Co.,Hillman Value Fund,1,893360000,16,1,11,3,1.76,72,12,44,Hillman Value Fund,14,87.5%,Multi-Decade Champion,multi_decade_conviction,2026-02-23,"Q4 2025, Q3 2025, Q2 2025, Q1 2025, Q4 2024, Q3 2024, Q2 2024, Q1 2024, Q4 2023, Q3 2023, Q2 2023, Q1 2023, Q4 2022, Q3 2022, Q2 2022, Q1 2022, Q4 2021, Q3 2021, Q2 2021, Q1 2021, Q4 2020, Q3 2020, Q2 2020, Q1 2020, Q4 2019, Q3 2019, Q2 2019, Q1 2019, Q4 2018, Q3 2018, Q2 2018, Q1 2018, Q4 2017, Q3 2017, Q2 2017, Q1 2017, Q4 2016, Q3 2016, Q2 2016, Q1 2016",40
CSX,CSX Corp.,"Prem Watsa, Chuck Akre, John Armitage",3,623389000,16,3,12,5,1.76,70,12,42,Prem Watsa,5,31.2%,Consensus Champion,multi_decade_conviction,2026-02-23,"Q4 2025, Q3 2025, Q2 2025, Q1 2025, Q4 2024, Q3 2024, Q2 2024, Q1 2024, Q4 2023, Q3 2023, Q2 2023, Q1 2023, Q4 2022, Q3 2022, Q2 2022, Q1 2022, Q4 2021, Q3 2021, Q2 2021, Q1 2021, Q4 2020, Q3 2020, Q2 2020, Q1 2020, Q4 2019, Q3 2019, Q2 2019, Q1 2019, Q4 2018, Q3 2018, Q2 2018, Q1 2018, Q4 2017, Q3 2017, Q2 2017, Q1 2017, Q4 2016, Q3 2016, Q2 2016, Q1 2016",40
KMX,CarMax Inc.,"Chuck Akre, Ruane Cunniff, John Rogers",3,99010000,16,4,15,5,1.75,160,9,52,Chuck Akre,14,87.5%,Consensus Champion,multi_decade_conviction,2026-02-23,"Q4 2025, Q3 2025, Q2 2025, Q1 2025, Q4 2024, Q3 2024, Q2 2024, Q1 2024, Q4 2023, Q3 2023, Q2 2023, Q1 2023, Q4 2022, Q3 2022, Q2 2022, Q1 2022, Q4 2021, Q3 2021, Q2 2021, Q1 2021, Q4 2020, Q3 2020, Q2 2020, Q1 2020, Q4 2019, Q3 2019, Q2 2019, Q1 2019, Q4 2018, Q3 2018, Q2 2018, Q1 2018, Q4 2017, Q3 2017, Q2 2017, Q1 2017, Q4 2016, Q3 2016, Q2 2016, Q1 2016",40
EXE,Expand Energy Corp.,"Mason Hawkins, David Tepper, Bill Nygren",3,558682000,16,4,13,1,1.51,98,8,52,Mason Hawkins,10,62.5%,Consensus Champion,multi_decade_conviction,2026-02-23,"Q4 2025, Q3 2025, Q2 2025, Q1 2025, Q4 2024, Q3 2024, Q2 2024, Q1 2024, Q4 2023, Q3 2023, Q2 2023, Q1 2023, Q4 2022, Q3 2022, Q2 2022, Q1 2022, Q4 2021, Q3 2021, Q2 2021, Q1 2021, Q4 2020, Q3 2020, Q2 2020, Q1 2020, Q4 2019, Q3 2019, Q2 2019, Q1 2019, Q4 2018, Q3 2018, Q2 2018, Q1 2018, Q4 2017, Q3 2017, Q2 2017, Q1 2017, Q4 2016, Q3 2016, Q2 2016, Q1 2016",40
AON,Aon Plc,"Steven Romick, Mason Hawkins, William Von Mueffling",3,4239799000,16,4,15,11,1.39,141,10,52,Steven Romick,8,50.0%,Consensus Champion,multi_decade_conviction,2026-02-23,"Q4 2025, Q3 2025, Q2 2025, Q1 2025, Q4 2024, Q3 2024, Q2 2024, Q1 2024, Q4 2023, Q3 2023, Q2 2023, Q1 2023, Q4 2022, Q3 2022, Q2 2022, Q1 2022, Q4 2021, Q3 2021, Q2 2021, Q1 2021, Q4 2020, Q3 2020, Q2 2020, Q1 2020, Q4 2019, Q3 2019, Q2 2019, Q1 2019, Q4 2018, Q3 2018, Q2 2018, Q1 2018, Q4 2017, Q3 2017, Q2 2017, Q1 2017, Q4 2016, Q3 2016, Q2 2016, Q1 2016",40
MCO,Moody's Corp.,"Chuck Akre, Chris Hohn, AKO Capital",3,22505981000,16,8,18,13,1.31,230,6,59,Chuck Akre,14,87.5%,Consensus Champion,multi_decade_conviction,2026-02-23,"Q4 2025, Q3 2025, Q2 2025, Q1 2025, Q4 2024, Q3 2024, Q2 2024, Q1 2024, Q4 2023, Q3 2023, Q2 2023, Q1 2023, Q4 2022, Q3 2022, Q2 2022, Q1 2022, Q4 2021, Q3 2021, Q2 2021, Q1 2021, Q4 2020, Q3 2020, Q2 2020, Q1 2020, Q4 2019, Q3 2019, Q2 2019, Q1 2019, Q4 2018, Q3 2018, Q2 2018, Q1 2018, Q4 2017, Q3 2017, Q2 2017, Q1 2017, Q4 2016, Q3 2016, Q2 2016, Q1 2016",40
VRSK,Verisk Analytics Inc.,"Chuck Akre, Terry Smith, Ruane Cunniff",3,143579000,16,3,12,5,1.26,139,7,54,Chuck Akre,12,75.0%,Consensus Champion,multi_decade_conviction,2026-02-23,"Q4 2025, Q3 2025, Q2 2025, Q1 2025, Q4 2024, Q3 2024, Q2 2024, Q1 2024, Q4 2023, Q3 2023, Q2 2023, Q1 2023, Q4 2022, Q3 2022, Q2 2022, Q1 2022, Q4 2021, Q3 2021, Q2 2021, Q1 2021, Q4 2020, Q3 2020, Q2 2020, Q1 2020, Q4 2019, Q3 2019, Q2 2019, Q1 2019, Q4 2018, Q3 2018, Q2 2018, Q1 2018, Q4 2017, Q3 2017, Q2 2017, Q1 2017, Q4 2016, Q3 2016, Q2 2016, Q1 2016",40
AAPL,Apple Inc.,"David Rolfe, Warren Buffett, Francois Rochon",3,71994648000,16,4,31,18,1.23,254,21,55,David Rolfe,9,56.2%,Consensus Champion,multi_decade_conviction,2026-02-23,"Q4 2025, Q3 2025, Q2 2025, Q1 2025, Q4 2024, Q3 2024, Q2 2024, Q1 2024, Q4 2023, Q3 2023, Q2 2023, Q1 2023, Q4 2022, Q3 2022, Q2 2022, Q1 2022, Q4 2021, Q3 2021, Q2 2021, Q1 2021, Q4 2020, Q3 2020, Q2 2020, Q1 2020, Q4 2019, Q3 2019, Q2 2019, Q1 2019, Q4 2018, Q3 2018, Q2 2018, Q1 2018, Q4 2017, Q3 2017, Q2 2017, Q1 2017, Q4 2016, Q3 2016, Q2 2016, Q1 2016",40
MDLZ,Mondelez International,"Nelson Peltz, Bill Ackman, Lindsell Train",3,241689000,16,4,11,2,1.04,114,8,60,Nelson Peltz,9,56.2%,Consensus Champion,multi_decade_conviction,2026-02-23,"Q4 2025, Q3 2025, Q2 2025, Q1 2025, Q4 2024, Q3 2024, Q2 2024, Q1 2024, Q4 2023, Q3 2023, Q2 2023, Q1 2023, Q4 2022, Q3 2022, Q2 2022, Q1 2022, Q4 2021, Q3 2021, Q2 2021, Q1 2021, Q4 2020, Q3 2020, Q2 2020, Q1 2020, Q4 2019, Q3 2019, Q2 2019, Q1 2019, Q4 2018, Q3 2018, Q2 2018, Q1 2018, Q4 2017, Q3 2017, Q2 2017, Q1 2017, Q4 2016, Q3 2016, Q2 2016, Q1 2016",40
GOOGL,Alphabet Inc.,"Glenn Greenberg, Ruane Cunniff, Bill Nygren",3,20966014000,16,15,43,32,1.0,500,39,52,Glenn Greenberg,11,68.8%,Consensus Champion,multi_decade_conviction,2026-02-23,"Q4 2025, Q3 2025, Q2 2025, Q1 2025, Q4 2024, Q3 2024, Q2 2024, Q1 2024, Q4 2023, Q3 2023, Q2 2023, Q1 2023, Q4 2022, Q3 2022, Q2 2022, Q1 2022, Q4 2021, Q3 2021, Q2 2021, Q1 2021, Q4 2020, Q3 2020, Q2 2020, Q1 2020, Q4 2019, Q3 2019, Q2 2019, Q1 2019, Q4 2018, Q3 2018, Q2 2018, Q1 2018, Q4 2017, Q3 2017, Q2 2017, Q1 2017, Q4 2016, Q3 2016, Q2 2016, Q1 2016",40
GLW,Corning Inc.,Hillman Value Fund,1,140114000,16,1,7,2,0.66,47,4,36,Hillman Value Fund,8,50.0%,Multi-Decade Champion,multi_decade_conviction,2026-02-23,"Q4 2025, Q3 2025, Q2 2025, Q1 2025, Q4 2024, Q3 2024, Q2 2024, Q1 2024, Q4 2023, Q3 2023, Q2 2023, Q1 2023, Q4 2022, Q3 2022, Q2 2022, Q1 2022, Q4 2021, Q3 2021, Q2 2021, Q1 2021, Q4 2020, Q3 2020, Q2 2020, Q1 2020, Q4 2019, Q3 2019, Q2 2019, Q1 2019, Q4 2018, Q3 2018, Q2 2018, Q1 2018, Q4 2017, Q3 2017, Q2 2017, Q1 2017, Q4 2016, Q3 2016, Q2 2016, Q1 2016",40
MCD,McDonald's Corp.,Bill & Melinda Gates Foundation Trust,1,1348391000,15,1,13,6,3.24,72,10,35,Bill & Melinda Gates Foundation Trust,7,46.7%,Multi-Decade Champion,multi_decade_conviction,2026-02-23,"Q4 2025, Q3 2025, Q2 2025, Q1 2025, Q4 2024, Q3 2024, Q2 2024, Q1 2024, Q4 2023, Q3 2023, Q2 2023, Q1 2023, Q4 2022, Q3 2022, Q2 2022, Q1 2022, Q4 2021, Q3 2021, Q2 2021, Q1 2021, Q4 2020, Q3 2020, Q2 2020, Q1 2020, Q4 2019, Q3 2019, Q2 2019, Q1 2019, Q4 2018, Q3 2018, Q2 2018, Q1 2018, Q4 2017, Q3 2017, Q2 2017, Q1 2017, Q4 2016, Q3 2016, Q2 2016, Q1 2016",40
CVS,CVS Health Corp.,"Hillman Value Fund, Dodge & Cox, Charles Bobrinskoy",3,4681914000,15,3,17,8,2.11,120,16,42,Hillman Value Fund,6,40.0%,Consensus Champion,multi_decade_conviction,2026-02-23,"Q4 2025, Q3 2025, Q2 2025, Q1 2025, Q4 2024, Q3 2024, Q2 2024, Q1 2024, Q4 2023, Q3 2023, Q2 2023, Q1 2023, Q4 2022, Q3 2022, Q2 2022, Q1 2022, Q4 2021, Q3 2021, Q2 2021, Q1 2021, Q4 2020, Q3 2020, Q2 2020, Q1 2020, Q4 2019, Q3 2019, Q2 2019, Q1 2019, Q4 2018, Q3 2018, Q2 2018, Q1 2018, Q4 2017, Q3 2017, Q2 2017, Q1 2017, Q4 2016, Q3 2016, Q2 2016, Q1 2016",40
BAX,Baxter International Inc.,"Mairs & Power Growth Fund, Charles Bobrinskoy",2,980277000,15,2,10,5,2.02,61,6,33,Mairs & Power Growth Fund,5,33.3%,Multi-Decade Champion,multi_decade_conviction,2026-02-23,"Q4 2025, Q3 2025, Q2 2025, Q1 2025, Q4 2024, Q3 2024, Q2 2024, Q1 2024, Q4 2023, Q3 2023, Q2 2023, Q1 2023, Q4 2022, Q3 2022, Q2 2022, Q1 2022, Q4 2021, Q3 2021, Q2 2021, Q1 2021, Q4 2020, Q3 2020, Q2 2020, Q1 2020, Q4 2019, Q3 2019, Q2 2019, Q1 2019, Q4 2018, Q3 2018, Q2 2018, Q1 2018, Q4 2017, Q3 2017, Q2 2017, Q1 2017, Q4 2016, Q3 2016, Q2 2016, Q1 2016",40
